{
    "speed": {
        "P": 0.001,
        "I": 0.001,
        "D": 0.0001,
        "B": 0.0
    },
    "roll": {
        "P": 0.00001,
        "I": 0.00001,
        "D": 0.00001
    },
    "pitch": {
        "P": 1.0,
        "I": 0.001,
        "D": 10.1
    }
}