waypoint_id,x,y,z,relative_x,relative_y,relative_z
1,-4461,-417.960938,90,21.5,-0.2,0.89
2,-1891,-487.960938,120,47.2,-0.9,1.19
3,2626,-461,326,92.37,-0.63039062,3.25
4,6639,-237.960938,730,132.5,1.6,7.29
5,15619,-407.960938,2920,222.3,-0.1,29.19
6,9469,-477.960938,1480,160.8,-0.8,14.79
7,11919,-287.960938,1980,185.3,1.1,19.79