waypoint_id,x,y,z,relative_x,relative_y,relative_z
1,-4461,-417.960938,90,21.5,-0.2,0.89
2,-701,-417.960938,120,59.1,-0.2,1.19
3,2869,-57.960938,450,94.8,3.4,4.49
4,6509,-967.960938,1230,131.2,-5.7,12.29
5,9469,-477.960938,1480,160.8,-0.8,14.79
6,15619,-397.960938,2920,222.3,0,29.19