waypoint_id,x,y,z,relative_x,relative_y,relative_z
1,-11341,-417.960938,70,38.5,-0.2,0.69
2,-741,-397.960938,110,144.5,0,1.09
3,9466,-621,1286,246.57,-2.23039062,12.85
4,24279,-437.960938,2570,394.7,-0.4,25.69
5,39319,-257.960938,5370,545.1,1.4,53.69
6,52959,292.039062,7340,681.5,6.9,73.39
7,72839,-377.960938,11710,880.3,0.2,117.09